region_code,region_name,continent,period,CI_min,CI_max,CI_mean,CI_low,CI_high,CI_COV,CI_COV_daily
AT,Austria,Europe,2021,19.8,494.24,217.29,127.27,296.43,45.64,13.36
AT,Austria,Europe,2022,25.54,455.2,240.82,182.99,299.52,33.26,13.31
AT,Austria,Europe,2023,18.21,461.03,154.19,88.45,208.11,52.53,18.26
AT,Austria,Europe,2024,22.48,386.91,123.2,59.93,176.83,62.83,20.29
AT,Austria,Europe,all,18.21,494.24,183.84,99.63,257.8,52.83,16.31
AU,Australia7,Oceania,2021,338.81,701.89,571.74,540.2,613.19,10.16,8.24
AU,Australia7,Oceania,2022,274.14,681.04,529.86,484.8,588.39,14.89,12.77
AU,Australia7,Oceania,2023,251.79,696.41,501.18,411.16,585.34,20.51,19.59
AU,Australia7,Oceania,2024,229.04,715.14,498.87,401.08,591.53,22.99,21.53
AU,Australia7,Oceania,all,229.04,715.14,525.39,471.53,595.63,18.25,15.54
AU-NSW,New South Wales,Oceania,2021,338.29,816.48,655.36,611.64,711.07,12.04,9.62
AU-NSW,New South Wales,Oceania,2022,267.26,798.34,592.82,529.16,672.11,18.18,15.53
AU-NSW,New South Wales,Oceania,2023,186.65,777.1,554.22,438.72,663.84,24.93,23.64
AU-NSW,New South Wales,Oceania,2024,171.4,808.21,552.35,432.28,672.63,27.22,25.43
AU-NSW,New South Wales,Oceania,all,171.4,816.48,588.66,518.31,682.59,21.91,18.56
AU-NT,Northern Territory,Oceania,2021,486.98,512.94,489.01,488.39,489.34,0.28,0.14
AU-NT,Northern Territory,Oceania,2022,485.9,506.34,489.08,488.32,489.36,0.32,0.17
AU-NT,Northern Territory,Oceania,2023,485.79,509.92,490.01,488.14,490.14,0.67,0.47
AU-NT,Northern Territory,Oceania,2024,487.01,531.72,494.52,488.32,499.59,1.66,1.43
AU-NT,Northern Territory,Oceania,all,485.79,531.72,490.66,488.28,489.98,1.04,0.55
AU-QLD,Queensland,Oceania,2021,398.6,800.41,686.15,644.5,740.79,10.88,9.69
AU-QLD,Queensland,Oceania,2022,331.44,805.37,657.15,604.07,730.99,15.32,13.8
AU-QLD,Queensland,Oceania,2023,307.33,796.56,605.03,468.49,716.24,22.59,22.49
AU-QLD,Queensland,Oceania,2024,267.39,794.53,595.85,454.34,709.89,23.75,23.49
AU-QLD,Queensland,Oceania,all,267.39,805.37,636.02,568.3,726.35,19.25,17.37
AU-SA,South Australia,Oceania,2021,34.63,515.27,205.51,119.05,277.88,51.55,30.36
AU-SA,South Australia,Oceania,2022,11.93,506.44,179.17,71.89,266.37,67.17,40.22
AU-SA,South Australia,Oceania,2023,25.03,601.32,187.49,63.63,288.56,73.88,49.62
AU-SA,South Australia,Oceania,2024,11.0,640.0,188.91,62.18,292.67,74.72,51.53
AU-SA,South Australia,Oceania,all,11.0,640.0,190.27,81.6,280.5,67.1,42.94
AU-TAS,Tasmania,Oceania,2021,13.82,64.75,22.48,20.83,23.34,18.64,8.83
AU-TAS,Tasmania,Oceania,2022,16.13,123.35,26.66,21.45,24.75,42.18,16.81
AU-TAS,Tasmania,Oceania,2023,15.0,334.25,90.26,23.19,147.93,79.03,50.66
AU-TAS,Tasmania,Oceania,2024,17.74,375.9,133.66,66.87,194.26,60.24,47.29
AU-TAS,Tasmania,Oceania,all,13.82,375.9,68.31,21.92,112.85,104.34,30.91
AU-VIC,Victoria,Oceania,2021,301.23,809.03,591.31,538.46,645.78,13.36,8.98
AU-VIC,Victoria,Oceania,2022,285.91,794.18,541.43,475.45,604.7,17.02,12.07
AU-VIC,Victoria,Oceania,2023,233.39,788.43,504.35,423.9,575.24,20.03,15.1
AU-VIC,Victoria,Oceania,2024,205.43,773.68,502.98,413.91,589.18,22.8,17.54
AU-VIC,Victoria,Oceania,all,205.43,809.03,535.0,464.9,608.66,19.44,13.43
AU-WA,Western Australia,Oceania,2021,163.77,717.94,469.1,383.48,569.01,25.17,19.09
AU-WA,Western Australia,Oceania,2022,142.32,734.35,434.89,356.02,518.94,25.89,20.4
AU-WA,Western Australia,Oceania,2023,11.0,708.52,430.01,355.29,527.9,30.2,24.82
AU-WA,Western Australia,Oceania,2024,45.0,679.74,406.94,312.5,504.14,31.17,26.46
AU-WA,Western Australia,Oceania,all,11.0,734.35,435.21,354.44,528.87,28.5,22.7
BA,Bosnia and Herzegovina,Europe,2021,10.7,806.85,532.24,442.19,609.76,20.96,12.98
BA,Bosnia and Herzegovina,Europe,2022,171.21,807.98,573.94,499.43,647.67,16.66,12.05
BA,Bosnia and Herzegovina,Europe,2023,252.71,814.97,495.14,414.21,572.74,21.09,11.14
BA,Bosnia and Herzegovina,Europe,2024,190.13,809.62,494.78,432.63,550.08,18.37,12.58
BA,Bosnia and Herzegovina,Europe,all,10.7,814.97,524.0,443.91,599.14,20.24,12.19
BE,Belgium,Europe,2021,43.85,346.62,163.79,120.96,205.12,35.09,14.23
BE,Belgium,Europe,2022,74.71,370.19,194.28,147.52,236.59,30.77,15.48
BE,Belgium,Europe,2023,69.39,359.49,174.56,121.42,217.52,36.88,17.19
BE,Belgium,Europe,2024,51.71,380.08,142.24,96.24,172.48,44.32,19.75
BE,Belgium,Europe,all,43.85,380.08,168.7,117.67,212.96,37.97,16.67
BG,Bulgaria,Europe,2021,196.1,761.09,469.93,405.48,534.47,21.94,5.67
BG,Bulgaria,Europe,2022,349.11,733.3,537.54,491.89,580.3,11.9,5.82
BG,Bulgaria,Europe,2023,130.22,653.39,401.37,327.67,476.94,26.24,9.46
BG,Bulgaria,Europe,2024,108.02,701.23,340.71,254.75,413.39,32.69,15.6
BG,Bulgaria,Europe,all,108.02,761.09,437.32,352.47,530.38,28.0,9.14
BR,Brazil4,South America,2021,71.58,280.54,170.99,129.08,207.56,26.83,7.34
BR,Brazil4,South America,2022,53.13,144.55,92.78,80.16,105.53,18.56,7.22
BR,Brazil4,South America,2023,46.99,147.45,83.06,69.45,94.78,21.37,7.15
BR,Brazil4,South America,2024,50.72,177.01,92.03,70.46,109.46,28.84,6.53
BR,Brazil4,South America,all,46.99,280.54,109.7,78.98,123.19,41.98,7.06
BR-CS,Central Brazil,South America,2021,67.47,291.88,172.54,125.89,217.82,30.93,6.8
BR-CS,Central Brazil,South America,2022,55.42,166.54,101.61,82.34,118.08,22.46,7.49
BR-CS,Central Brazil,South America,2023,45.99,152.04,90.27,69.4,107.65,25.35,7.39
BR-CS,Central Brazil,South America,2024,44.08,213.11,103.26,70.87,130.6,34.68,7.32
BR-CS,Central Brazil,South America,all,44.08,291.88,116.91,83.17,134.86,41.46,7.25
BR-N,North Brazil,South America,2021,49.35,355.4,183.33,95.07,251.16,43.31,6.59
BR-N,North Brazil,South America,2022,36.91,357.04,105.08,60.14,135.47,44.47,8.53
BR-N,North Brazil,South America,2023,48.78,341.28,106.97,69.28,124.69,41.92,9.03
BR-N,North Brazil,South America,2024,46.12,311.73,131.58,75.36,173.25,41.85,9.8
BR-N,North Brazil,South America,all,36.91,357.04,131.74,70.57,174.59,50.23,8.49
BR-NE,North-East Brazil,South America,2021,39.49,342.39,154.93,107.53,199.35,39.07,8.46
BR-NE,North-East Brazil,South America,2022,28.78,184.65,52.01,40.71,53.05,41.36,9.22
BR-NE,North-East Brazil,South America,2023,20.28,181.17,42.83,32.47,48.18,38.45,13.98
BR-NE,North-East Brazil,South America,2024,18.23,145.75,44.26,30.11,53.86,43.11,17.59
BR-NE,North-East Brazil,South America,all,18.23,342.39,73.49,37.41,79.31,79.48,12.31
BR-S,South Brazil,South America,2021,79.19,362.35,176.21,139.74,204.85,27.78,18.61
BR-S,South Brazil,South America,2022,30.51,216.9,95.08,73.9,110.61,32.16,11.96
BR-S,South Brazil,South America,2023,40.94,268.49,85.51,68.74,97.23,30.06,12.39
BR-S,South Brazil,South America,2024,27.77,209.03,79.0,65.78,88.98,26.11,11.54
BR-S,South Brazil,South America,all,27.77,362.35,108.93,72.43,134.13,47.21,13.62
CA-ON,Ontario,North America,2021,11.28,171.95,49.62,19.37,70.58,69.85,35.29
CA-ON,Ontario,North America,2022,12.63,181.04,59.3,27.26,84.56,60.17,35.3
CA-ON,Ontario,North America,2023,8.99,190.58,72.85,39.21,102.71,54.21,32.4
CA-ON,Ontario,North America,2024,10.23,166.37,87.67,60.16,117.34,41.01,28.15
CA-ON,Ontario,North America,all,8.99,190.58,67.37,31.48,97.42,58.2,32.78
CA-QC,Québec,North America,2021,26.19,45.3,28.51,28.03,28.78,5.82,1.48
CA-QC,Québec,North America,2022,25.81,37.87,28.36,27.4,29.18,4.57,1.82
CA-QC,Québec,North America,2023,26.07,52.13,30.74,28.01,31.87,12.19,4.61
CA-QC,Québec,North America,2024,11.04,120.5,35.33,30.32,39.57,15.5,8.18
CA-QC,Québec,North America,all,11.04,120.5,30.74,28.05,31.29,14.58,4.03
CH,Switzerland,Europe,2021,38.62,394.92,129.05,81.47,162.02,45.4,21.96
CH,Switzerland,Europe,2022,39.61,369.34,148.59,105.32,178.59,38.32,24.99
CH,Switzerland,Europe,2023,21.66,326.09,82.07,59.44,90.22,49.06,19.68
CH,Switzerland,Europe,2024,21.65,185.27,60.79,48.86,64.95,33.79,17.12
CH,Switzerland,Europe,all,21.65,394.92,105.09,61.6,134.71,55.63,20.93
CL-SEN,Sistema Eléctrico Nacional,South America,2021,185.59,609.89,408.3,352.15,476.0,21.2,16.25
CL-SEN,Sistema Eléctrico Nacional,South America,2022,122.0,556.39,324.42,247.62,406.06,30.97,24.23
CL-SEN,Sistema Eléctrico Nacional,South America,2023,80.19,557.74,275.61,188.2,362.36,40.73,31.15
CL-SEN,Sistema Eléctrico Nacional,South America,2024,73.86,505.66,238.07,154.75,308.69,41.25,32.46
CL-SEN,Sistema Eléctrico Nacional,South America,all,73.86,609.89,311.55,220.33,407.72,38.0,26.03
CR,Costa Rica,Central America,2021,22.18,92.06,40.33,33.97,46.1,21.49,10.26
CR,Costa Rica,Central America,2022,23.7,167.34,46.95,37.75,50.06,37.11,12.21
CR,Costa Rica,Central America,2023,21.98,256.63,70.37,28.44,96.99,65.67,18.24
CR,Costa Rica,Central America,2024,16.66,314.9,94.23,25.52,153.87,74.71,17.94
CR,Costa Rica,Central America,all,16.66,314.9,62.99,32.32,72.66,76.47,14.67
CY,Cyprus,Asia,2021,427.36,948.23,822.25,755.29,910.91,12.79,11.47
CY,Cyprus,Asia,2022,352.89,949.12,810.16,722.77,914.73,15.31,14.21
CY,Cyprus,Asia,2023,340.53,879.64,720.33,591.62,848.5,20.91,20.33
CY,Cyprus,Asia,2024,292.28,878.43,698.95,529.06,846.06,24.73,24.3
CY,Cyprus,Asia,all,292.28,949.12,762.88,676.66,870.46,19.74,17.58
CZ,Czechia,Europe,2021,267.17,673.91,521.26,475.31,576.72,13.67,5.97
CZ,Czechia,Europe,2022,292.77,683.64,547.44,512.58,591.99,10.97,5.91
CZ,Czechia,Europe,2023,243.82,733.37,519.3,453.28,593.04,17.33,7.28
CZ,Czechia,Europe,2024,172.36,715.58,476.72,402.39,560.44,22.91,11.53
CZ,Czechia,Europe,all,172.36,733.37,516.15,463.51,581.95,17.14,7.67
DE,Germany,Europe,2021,131.14,688.96,436.09,347.73,534.4,28.52,13.54
DE,Germany,Europe,2022,163.35,768.75,477.86,382.97,580.1,27.88,15.15
DE,Germany,Europe,2023,126.85,725.46,366.97,256.11,465.43,37.17,17.27
DE,Germany,Europe,2024,107.06,653.68,332.07,228.95,422.0,36.22,20.02
DE,Germany,Europe,all,107.06,768.75,403.2,289.54,514.22,34.93,16.5
DK,Denmark3,Europe,2021,62.49,565.79,207.64,158.58,241.09,36.23,14.65
DK,Denmark3,Europe,2022,52.42,552.84,182.39,128.99,225.47,39.8,17.15
DK,Denmark3,Europe,2023,35.53,525.26,129.45,88.4,152.98,48.89,18.66
DK,Denmark3,Europe,2024,33.57,439.57,120.58,80.66,145.14,47.87,21.16
DK,Denmark3,Europe,all,33.57,565.79,159.99,104.17,200.87,47.93,17.91
DK-BHM,Bornholm,Europe,2021,12.62,249.86,63.3,33.0,89.24,60.21,35.29
DK-BHM,Bornholm,Europe,2022,12.62,252.62,65.94,22.29,92.74,84.3,39.33
DK-BHM,Bornholm,Europe,2023,12.62,284.3,53.46,28.66,80.53,65.01,32.58
DK-BHM,Bornholm,Europe,2024,12.62,229.5,56.68,29.72,84.17,65.57,33.01
DK-BHM,Bornholm,Europe,all,12.62,284.3,59.84,28.35,86.7,71.05,35.05
DK-DK1,West Denmark,Europe,2021,56.15,616.99,209.1,146.27,253.69,42.52,18.1
DK-DK1,West Denmark,Europe,2022,42.35,620.72,197.59,134.47,243.64,44.47,19.76
DK-DK1,West Denmark,Europe,2023,30.55,615.54,129.73,81.42,157.79,55.16,22.76
DK-DK1,West Denmark,Europe,2024,26.55,434.77,118.55,73.87,146.4,52.38,24.81
DK-DK1,West Denmark,Europe,all,26.55,620.72,163.71,99.87,208.23,53.77,21.36
DK-DK2,East Denmark,Europe,2021,47.91,516.32,206.92,156.94,240.12,36.88,17.04
DK-DK2,East Denmark,Europe,2022,40.9,600.46,160.26,105.64,197.74,47.14,19.7
DK-DK2,East Denmark,Europe,2023,40.56,442.09,131.13,85.03,160.94,46.54,18.88
DK-DK2,East Denmark,Europe,2024,29.99,466.71,125.43,82.44,155.08,48.7,21.33
DK-DK2,East Denmark,Europe,all,29.99,600.46,155.91,99.21,196.62,48.79,19.24
EE,Estonia,Europe,2021,111.74,756.95,373.99,292.47,442.15,31.97,9.9
EE,Estonia,Europe,2022,135.89,928.8,413.53,301.83,499.76,34.69,10.77
EE,Estonia,Europe,2023,57.08,818.85,270.7,166.27,355.23,52.04,14.09
EE,Estonia,Europe,2024,58.05,825.2,286.09,197.09,352.06,43.94,17.12
EE,Estonia,Europe,all,57.08,928.8,336.04,236.08,423.36,43.31,12.97
ES,Spain,Europe,2021,64.06,360.59,174.22,132.39,209.23,32.47,11.76
ES,Spain,Europe,2022,62.79,404.06,219.79,170.49,269.19,30.04,14.74
ES,Spain,Europe,2023,54.39,343.96,154.12,105.14,195.7,37.51,20.71
ES,Spain,Europe,2024,53.32,321.34,124.14,83.92,151.45,38.91,22.67
ES,Spain,Europe,all,53.32,404.06,168.04,113.99,213.45,40.0,17.47
FI,Finland,Europe,2021,53.65,289.44,162.3,122.27,199.94,31.82,6.84
FI,Finland,Europe,2022,40.9,276.57,126.73,82.99,165.85,39.5,7.1
FI,Finland,Europe,2023,30.0,235.45,78.16,43.12,100.9,49.72,6.72
FI,Finland,Europe,2024,28.61,224.42,72.7,51.03,86.6,40.18,7.2
FI,Finland,Europe,all,28.61,289.44,109.94,61.39,148.07,51.76,6.96
FR,France,Europe,2021,16.47,141.9,55.55,31.61,76.85,51.33,13.16
FR,France,Europe,2022,22.55,186.83,90.05,73.65,105.65,29.72,10.99
FR,France,Europe,2023,15.06,166.35,49.12,30.61,58.71,51.81,14.92
FR,France,Europe,2024,11.71,94.05,31.28,19.75,36.52,49.49,14.21
FR,France,Europe,all,11.71,186.83,56.48,28.93,80.35,57.6,13.32
GB,Great Britain,Europe,2021,39.74,393.8,224.41,171.74,277.85,30.73,16.83
GB,Great Britain,Europe,2022,40.38,391.51,221.98,159.96,285.17,35.64,19.13
GB,Great Britain,Europe,2023,28.11,380.13,187.53,122.78,247.53,40.46,21.22
GB,Great Britain,Europe,2024,36.24,384.38,162.71,103.48,212.54,43.78,23.03
GB,Great Britain,Europe,all,28.11,393.8,199.13,132.47,261.43,39.28,20.05
GB-NIR,Northern Ireland,Europe,2021,26.85,553.33,394.11,294.86,510.0,33.12,17.84
GB-NIR,Northern Ireland,Europe,2022,30.84,553.33,372.1,258.95,495.32,35.74,17.95
GB-NIR,Northern Ireland,Europe,2023,107.64,537.7,302.91,231.87,364.89,29.63,15.37
GB-NIR,Northern Ireland,Europe,2024,168.09,501.17,306.88,260.8,349.69,19.78,10.28
GB-NIR,Northern Ireland,Europe,all,26.85,553.33,343.97,255.11,433.8,33.4,15.36
GR,Greece,Europe,2021,181.27,724.4,439.39,375.14,504.78,20.73,13.86
GR,Greece,Europe,2022,71.09,743.93,435.64,348.91,521.76,27.79,18.97
GR,Greece,Europe,2023,44.88,715.99,373.9,284.57,466.19,32.9,25.19
GR,Greece,Europe,2024,68.13,677.63,338.67,243.03,435.54,36.82,30.06
GR,Greece,Europe,all,44.88,743.93,396.86,315.3,485.14,31.09,22.02
HK,Hong Kong,Asia,2021,435.36,435.36,435.36,435.36,435.36,0.0,0.0
HK,Hong Kong,Asia,2022,435.36,435.36,435.36,435.36,435.36,0.0,0.0
HK,Hong Kong,Asia,2023,435.36,435.36,435.36,435.36,435.36,0.0,0.0
HK,Hong Kong,Asia,2024,435.36,610.51,449.42,435.36,435.36,10.29,0.03
HK,Hong Kong,Asia,all,435.36,610.51,438.88,435.36,435.36,5.45,0.01
HR,Croatia,Europe,2021,70.88,559.67,302.4,253.62,350.43,26.0,12.36
HR,Croatia,Europe,2022,105.16,626.98,345.72,289.24,399.72,23.28,12.43
HR,Croatia,Europe,2023,57.24,539.01,273.72,228.05,320.44,27.01,11.91
HR,Croatia,Europe,2024,73.39,490.25,229.32,183.5,271.29,28.47,13.81
HR,Croatia,Europe,all,57.24,626.98,287.75,231.18,339.26,29.88,12.63
HU,Hungary,Europe,2021,126.89,436.86,301.16,268.4,334.49,16.38,7.68
HU,Hungary,Europe,2022,113.45,430.06,304.84,273.11,340.2,15.89,9.57
HU,Hungary,Europe,2023,86.94,401.25,253.57,217.27,290.11,20.77,12.83
HU,Hungary,Europe,2024,95.22,388.8,236.93,190.09,284.76,26.09,16.45
HU,Hungary,Europe,all,86.94,436.86,274.1,233.68,319.06,22.24,11.64
IE,Ireland,Europe,2021,116.51,562.32,377.43,287.03,471.66,29.89,13.43
IE,Ireland,Europe,2022,120.18,629.13,404.99,273.59,532.5,34.43,15.2
IE,Ireland,Europe,2023,136.25,673.98,403.72,273.56,532.78,35.08,15.16
IE,Ireland,Europe,2024,126.46,671.17,406.17,285.04,533.31,35.62,15.68
IE,Ireland,Europe,all,116.51,673.98,398.08,279.54,511.62,34.11,14.87
IL,Israel,Asia,2021,452.79,571.51,550.39,531.38,571.5,4.63,4.38
IL,Israel,Asia,2022,480.61,571.51,542.51,506.58,571.51,5.94,5.99
IL,Israel,Asia,2023,475.83,571.5,534.9,487.45,571.49,7.57,7.7
IL,Israel,Asia,2024,475.86,571.5,534.91,487.46,571.49,7.57,7.7
IL,Israel,Asia,all,452.79,571.51,540.67,503.64,571.5,6.62,6.44
IN,Mainland India,Asia,2021,496.16,737.14,635.97,593.62,685.63,8.64,6.22
IN,Mainland India,Asia,2022,501.98,733.5,641.31,609.46,695.82,8.09,5.87
IN,Mainland India,Asia,2023,529.97,736.48,662.52,630.38,711.03,7.12,5.43
IN,Mainland India,Asia,2024,532.41,747.15,666.01,631.04,712.27,7.28,5.25
IN,Mainland India,Asia,all,496.16,747.15,651.46,617.02,701.98,8.03,5.69
IN-EA,Eastern India,Asia,2021,620.11,787.94,739.02,706.83,770.6,4.58,1.3
IN-EA,Eastern India,Asia,2022,644.09,792.9,745.41,717.44,776.67,4.2,1.16
IN-EA,Eastern India,Asia,2023,650.13,805.22,759.53,730.66,785.88,4.19,1.14
IN-EA,Eastern India,Asia,2024,679.63,805.59,777.53,764.68,792.37,2.61,1.57
IN-EA,Eastern India,Asia,all,620.11,805.59,755.39,725.94,782.83,4.4,1.29
IN-NE,North Eastern India,Asia,2021,266.22,594.18,405.3,350.84,453.01,15.68,4.1
IN-NE,North Eastern India,Asia,2022,284.9,545.64,409.26,358.1,460.85,14.8,3.57
IN-NE,North Eastern India,Asia,2023,289.49,613.07,433.81,369.95,486.09,15.33,4.76
IN-NE,North Eastern India,Asia,2024,272.89,625.99,425.27,360.06,480.72,18.19,8.28
IN-NE,North Eastern India,Asia,all,266.22,625.99,418.41,359.49,470.66,16.32,5.18
IN-NO,Northern India,Asia,2021,334.23,712.52,541.61,475.09,633.98,16.02,11.56
IN-NO,Northern India,Asia,2022,411.47,712.61,565.79,507.62,637.34,13.1,10.41
IN-NO,Northern India,Asia,2023,384.71,707.1,577.78,518.8,662.33,13.71,10.32
IN-NO,Northern India,Asia,2024,415.88,715.58,586.99,526.52,667.26,13.07,10.2
IN-NO,Northern India,Asia,all,334.23,715.58,568.06,506.78,650.98,14.28,10.62
IN-SO,Southern India,Asia,2021,315.39,693.29,511.56,449.26,559.98,15.12,10.84
IN-SO,Southern India,Asia,2022,327.43,685.28,515.62,458.75,572.12,13.98,10.27
IN-SO,Southern India,Asia,2023,71.77,708.49,561.92,505.03,618.58,12.12,10.06
IN-SO,Southern India,Asia,2024,373.31,726.14,562.31,501.32,612.72,13.76,9.82
IN-SO,Southern India,Asia,all,71.77,726.14,537.87,479.22,593.63,14.46,10.24
IN-WE,Western India,Asia,2021,681.45,780.45,745.52,732.31,761.92,2.62,1.47
IN-WE,Western India,Asia,2022,667.12,787.67,747.53,729.09,767.05,3.34,1.09
IN-WE,Western India,Asia,2023,672.9,790.06,749.17,737.15,765.01,2.96,1.29
IN-WE,Western India,Asia,2024,641.05,786.6,737.94,724.33,758.23,3.51,1.45
IN-WE,Western India,Asia,all,641.05,790.06,745.04,730.76,763.37,3.18,1.33
IS,Iceland,Europe,2021,26.76,30.24,27.87,27.66,28.08,1.15,0.44
IS,Iceland,Europe,2022,25.99,32.18,27.43,27.09,27.7,2.05,0.52
IS,Iceland,Europe,2023,26.4,28.75,27.76,27.29,28.14,1.62,0.37
IS,Iceland,Europe,2024,26.76,29.22,28.17,28.01,28.36,0.94,0.43
IS,Iceland,Europe,all,25.99,32.18,27.81,27.41,28.18,1.77,0.44
IT,Italy6,Europe,2021,171.36,545.13,356.59,315.13,400.02,17.47,9.21
IT,Italy6,Europe,2022,169.14,551.8,402.58,364.74,449.51,15.72,10.48
IT,Italy6,Europe,2023,107.88,523.45,320.54,269.99,371.11,22.77,12.4
IT,Italy6,Europe,2024,86.38,449.43,272.13,228.43,318.64,23.34,14.53
IT,Italy6,Europe,all,86.38,551.8,337.91,280.83,397.47,24.05,11.66
IT-CNO,Central North Italy,Europe,2021,103.87,478.74,294.55,256.02,335.98,20.27,11.33
IT-CNO,Central North Italy,Europe,2022,116.87,545.0,345.81,303.84,391.81,20.07,13.65
IT-CNO,Central North Italy,Europe,2023,89.39,475.4,276.01,235.77,316.98,22.9,14.2
IT-CNO,Central North Italy,Europe,2024,85.55,391.96,246.29,207.31,289.39,22.94,14.78
IT-CNO,Central North Italy,Europe,all,85.55,545.0,290.63,242.52,337.92,24.82,13.49
IT-CSO,Central South Italy,Europe,2021,168.91,718.1,405.3,341.02,469.25,22.08,13.8
IT-CSO,Central South Italy,Europe,2022,127.38,752.68,458.65,388.95,536.84,22.4,15.57
IT-CSO,Central South Italy,Europe,2023,75.33,651.1,346.74,268.33,421.87,30.68,18.16
IT-CSO,Central South Italy,Europe,2024,65.48,537.21,301.18,231.45,373.1,30.81,21.15
IT-CSO,Central South Italy,Europe,all,65.48,752.68,377.92,296.76,458.3,30.35,17.17
IT-NO,North Italy,Europe,2021,125.16,528.19,324.42,268.75,372.03,23.51,7.37
IT-NO,North Italy,Europe,2022,157.21,534.93,367.07,323.79,412.77,18.03,8.23
IT-NO,North Italy,Europe,2023,96.76,503.62,292.44,246.95,338.14,23.29,9.89
IT-NO,North Italy,Europe,2024,76.94,467.27,242.86,194.07,289.33,26.57,11.14
IT-NO,North Italy,Europe,all,76.94,534.93,306.65,249.16,363.41,26.91,9.16
IT-SAR,Sardinia,Europe,2021,273.54,866.66,588.68,510.36,667.88,18.12,12.07
IT-SAR,Sardinia,Europe,2022,224.22,851.24,612.93,525.17,706.17,18.77,13.58
IT-SAR,Sardinia,Europe,2023,191.55,900.2,556.18,457.14,660.71,23.07,15.6
IT-SAR,Sardinia,Europe,2024,194.22,847.13,528.16,435.14,621.38,21.71,17.58
IT-SAR,Sardinia,Europe,all,191.55,900.2,571.46,481.68,664.3,21.13,14.71
IT-SIC,Sicily,Europe,2021,88.79,722.28,413.25,325.44,507.51,29.54,19.99
IT-SIC,Sicily,Europe,2022,114.85,812.04,461.21,372.03,561.72,28.61,16.7
IT-SIC,Sicily,Europe,2023,115.76,793.5,390.31,286.66,483.52,33.84,21.18
IT-SIC,Sicily,Europe,2024,54.61,676.85,315.14,214.5,419.11,40.3,28.17
IT-SIC,Sicily,Europe,all,54.61,812.04,394.92,288.25,497.2,35.14,21.52
IT-SO,South Italy,Europe,2021,111.43,655.52,388.8,309.79,471.35,26.55,16.83
IT-SO,South Italy,Europe,2022,85.63,730.58,444.16,368.97,530.05,25.07,17.02
IT-SO,South Italy,Europe,2023,71.61,723.62,348.03,260.39,438.41,34.89,21.61
IT-SO,South Italy,Europe,2024,68.52,515.67,294.44,196.73,393.51,39.07,27.34
IT-SO,South Italy,Europe,all,68.52,730.58,368.81,278.84,462.31,34.05,20.71
JP,Japan9,Asia,2021,197.94,553.64,476.54,442.97,518.93,12.99,11.76
JP,Japan9,Asia,2022,180.97,560.27,489.21,452.08,535.23,13.7,12.74
JP,Japan9,Asia,2023,172.41,537.65,460.6,420.61,511.95,15.78,14.53
JP,Japan9,Asia,2024,193.77,533.4,460.49,419.24,509.26,14.86,13.91
JP,Japan9,Asia,all,172.41,560.27,471.7,433.96,518.82,14.56,13.23
JP-CB,Chūbu,Asia,2021,171.54,584.97,515.84,475.0,571.91,15.04,13.78
JP-CB,Chūbu,Asia,2022,99.34,583.51,510.53,468.51,565.6,15.98,14.65
JP-CB,Chūbu,Asia,2023,61.22,569.32,480.66,432.2,541.84,19.06,17.49
JP-CB,Chūbu,Asia,2024,100.35,567.83,481.75,438.36,542.16,18.52,16.76
JP-CB,Chūbu,Asia,all,61.22,584.97,497.19,453.86,556.87,17.44,15.67
JP-CG,Chūgoku,Asia,2021,115.2,580.14,471.46,421.87,533.92,18.66,17.19
JP-CG,Chūgoku,Asia,2022,128.8,588.81,499.56,444.73,564.85,18.55,17.29
JP-CG,Chūgoku,Asia,2023,103.25,579.43,465.86,417.55,534.07,20.61,18.92
JP-CG,Chūgoku,Asia,2024,147.94,576.97,472.87,417.77,538.21,19.28,17.99
JP-CG,Chūgoku,Asia,all,103.25,588.81,477.43,425.43,542.06,19.46,17.85
JP-HKD,Hokkaidō,Asia,2021,249.18,532.77,474.45,442.37,518.6,12.85,11.69
JP-HKD,Hokkaidō,Asia,2022,186.08,516.56,457.64,430.5,502.49,14.27,12.6
JP-HKD,Hokkaidō,Asia,2023,211.21,530.55,465.95,428.21,517.06,14.79,13.68
JP-HKD,Hokkaidō,Asia,2024,135.32,530.1,464.29,426.24,516.13,15.68,14.48
JP-HKD,Hokkaidō,Asia,all,135.32,532.77,465.58,431.86,513.18,14.48,13.11
JP-HR,Hokuriku,Asia,2021,317.61,492.27,459.77,453.4,476.35,5.56,4.69
JP-HR,Hokuriku,Asia,2022,320.05,499.56,464.46,453.67,484.89,6.6,5.77
JP-HR,Hokuriku,Asia,2023,238.16,497.03,454.8,441.02,483.69,9.27,7.89
JP-HR,Hokuriku,Asia,2024,235.68,495.61,451.67,436.44,482.14,9.91,8.56
JP-HR,Hokuriku,Asia,all,235.68,499.56,457.67,447.02,482.29,8.08,6.73
JP-KN,Kansai,Asia,2021,149.54,553.16,399.33,355.39,437.89,17.26,10.47
JP-KN,Kansai,Asia,2022,119.68,528.56,420.39,396.89,461.08,14.48,11.51
JP-KN,Kansai,Asia,2023,60.03,484.33,367.03,344.5,408.79,17.09,13.3
JP-KN,Kansai,Asia,2024,72.37,463.21,357.57,325.91,405.3,17.56,12.56
JP-KN,Kansai,Asia,all,60.03,553.16,386.06,348.73,428.97,17.79,11.96
JP-KY,Kyūshū,Asia,2021,27.34,488.09,306.77,260.27,379.05,29.96,25.38
JP-KY,Kyūshū,Asia,2022,55.9,540.22,397.11,349.34,466.71,25.3,22.87
JP-KY,Kyūshū,Asia,2023,30.21,508.79,306.59,256.65,375.32,29.61,25.82
JP-KY,Kyūshū,Asia,2024,33.8,479.42,308.49,265.35,371.26,29.15,26.39
JP-KY,Kyūshū,Asia,all,27.34,540.22,329.72,275.57,398.03,30.67,25.12
JP-ON,Okinawa,Asia,2021,414.09,633.28,602.82,580.81,632.36,7.01,6.45
JP-ON,Okinawa,Asia,2022,425.99,626.83,599.72,584.27,625.92,6.55,5.84
JP-ON,Okinawa,Asia,2023,421.57,625.96,593.53,569.74,625.09,7.63,7.08
JP-ON,Okinawa,Asia,2024,405.95,625.97,596.04,576.22,625.22,7.24,6.55
JP-ON,Okinawa,Asia,all,405.95,633.28,598.03,577.54,625.68,7.14,6.48
JP-TH,Tōhoku,Asia,2021,250.24,541.14,485.46,456.58,527.2,11.23,10.31
JP-TH,Tōhoku,Asia,2022,227.64,541.76,485.25,456.57,528.86,12.14,10.92
JP-TH,Tōhoku,Asia,2023,249.71,540.89,482.28,449.19,530.55,13.37,12.16
JP-TH,Tōhoku,Asia,2024,257.39,541.02,481.9,446.44,530.28,13.28,12.26
JP-TH,Tōhoku,Asia,all,227.64,541.76,483.72,452.09,529.12,12.54,11.41
JP-TK,Tōkyō,Asia,2021,239.22,605.08,552.13,521.44,596.75,12.12,11.15
JP-TK,Tōkyō,Asia,2022,207.55,604.36,549.72,517.19,596.86,12.96,11.88
JP-TK,Tōkyō,Asia,2023,212.47,606.19,539.66,494.75,595.33,15.04,14.02
JP-TK,Tōkyō,Asia,2024,199.54,604.07,543.62,502.59,593.6,13.58,12.86
JP-TK,Tōkyō,Asia,all,199.54,606.19,546.28,510.01,595.79,13.48,12.48
KE,Kenya,Africa,2021,77.5,118.61,95.87,90.09,101.44,7.73,3.49
KE,Kenya,Africa,2022,89.53,140.79,109.3,103.69,114.19,6.93,3.6
KE,Kenya,Africa,2023,77.27,121.15,96.95,91.34,102.49,7.47,3.36
KE,Kenya,Africa,2024,78.78,120.76,96.97,91.1,102.4,7.78,3.33
KE,Kenya,Africa,all,77.27,140.79,99.77,92.56,105.99,9.29,3.45
KR,South Korea,Asia,2021,430.8,569.07,489.61,475.8,502.67,3.04,2.81
KR,South Korea,Asia,2022,330.94,497.25,452.87,438.8,472.56,5.92,2.46
KR,South Korea,Asia,2023,265.06,498.76,439.74,422.74,464.5,7.66,3.89
KR,South Korea,Asia,2024,249.01,505.06,417.91,391.04,449.09,10.42,4.51
KR,South Korea,Asia,all,249.01,569.07,450.01,426.88,478.3,9.09,3.42
LT,Lithuania,Europe,2021,77.45,623.92,312.56,255.18,365.86,26.15,15.94
LT,Lithuania,Europe,2022,41.43,682.08,233.05,168.15,279.21,37.78,19.7
LT,Lithuania,Europe,2023,34.83,628.24,180.91,112.5,223.32,54.3,21.89
LT,Lithuania,Europe,2024,33.82,546.1,166.07,96.35,220.34,51.43,30.82
LT,Lithuania,Europe,all,33.82,682.08,223.11,138.06,292.82,47.28,22.09
LU,Luxembourg,Europe,2021,80.95,607.32,328.26,249.82,408.3,31.99,18.07
LU,Luxembourg,Europe,2022,77.45,694.21,359.62,272.35,447.96,33.05,20.01
LU,Luxembourg,Europe,2023,55.72,636.92,265.71,168.36,346.65,44.37,23.49
LU,Luxembourg,Europe,2024,56.84,577.51,244.8,153.23,318.58,44.07,26.46
LU,Luxembourg,Europe,all,55.72,694.21,299.56,201.66,388.51,40.63,22.01
LV,Latvia,Europe,2021,53.66,563.06,302.06,230.67,375.58,34.38,18.22
LV,Latvia,Europe,2022,31.94,628.76,289.43,214.52,361.29,37.06,17.24
LV,Latvia,Europe,2023,19.82,498.86,189.95,119.58,257.09,49.77,16.85
LV,Latvia,Europe,2024,19.61,525.03,194.97,116.47,270.95,49.82,19.82
LV,Latvia,Europe,all,19.61,628.76,244.07,156.81,321.22,46.46,18.03
MY,Malaysia2,Asia,2021,495.77,598.51,551.38,540.52,562.68,2.88,1.67
MY,Malaysia2,Asia,2022,480.25,595.05,542.26,530.03,555.11,3.27,1.73
MY,Malaysia2,Asia,2023,477.12,596.81,544.22,532.24,557.09,3.4,2.01
MY,Malaysia2,Asia,2024,473.77,589.42,541.89,529.74,555.76,3.5,2.21
MY,Malaysia2,Asia,all,473.77,598.51,544.94,532.81,557.91,3.34,1.91
MY-WM,Peninsula,Asia,2021,564.44,725.84,656.94,642.43,672.43,3.6,2.47
MY-WM,Peninsula,Asia,2022,553.95,718.52,645.42,626.71,664.35,4.1,2.72
MY-WM,Peninsula,Asia,2023,553.04,730.49,650.74,630.84,670.35,4.3,3.31
MY-WM,Peninsula,Asia,2024,556.4,724.09,646.28,625.26,668.51,4.69,3.64
MY-WM,Peninsula,Asia,all,553.04,730.49,649.84,630.79,669.25,4.25,3.04
NI,Nicaragua,Central America,2021,23.63,433.2,196.71,137.28,247.9,34.35,22.76
NI,Nicaragua,Central America,2022,29.34,466.51,247.05,203.88,290.27,26.78,16.69
NI,Nicaragua,Central America,2023,100.04,544.23,321.84,230.97,412.48,32.49,13.74
NI,Nicaragua,Central America,2024,75.08,507.37,299.41,237.19,368.83,29.99,16.45
NI,Nicaragua,Central America,all,23.63,544.23,266.28,193.36,333.71,36.28,17.41
NL,Netherlands,Europe,2021,132.95,548.7,368.86,304.59,441.4,23.84,15.29
NL,Netherlands,Europe,2022,87.38,548.61,343.65,258.15,435.68,30.65,21.71
NL,Netherlands,Europe,2023,73.52,534.21,289.94,186.54,389.97,40.4,25.89
NL,Netherlands,Europe,2024,62.8,526.31,272.79,166.75,370.11,44.0,30.03
NL,Netherlands,Europe,all,62.8,548.7,318.78,225.15,417.9,36.12,23.24
NO,Norway5,Europe,2021,23.68,112.16,32.13,27.52,31.46,28.33,10.37
NO,Norway5,Europe,2022,24.97,143.63,37.98,29.2,42.64,36.59,14.55
NO,Norway5,Europe,2023,22.96,76.55,33.8,29.46,34.44,23.87,9.76
NO,Norway5,Europe,2024,25.6,66.66,33.26,29.72,34.07,17.35,8.0
NO,Norway5,Europe,all,22.96,143.63,34.29,28.81,35.23,28.93,10.67
NO-NO1,Southeast Norway,Europe,2021,23.84,108.13,31.02,27.69,30.37,25.19,8.22
NO-NO1,Southeast Norway,Europe,2022,19.9,129.17,29.27,24.66,28.97,34.36,9.98
NO-NO1,Southeast Norway,Europe,2023,20.43,75.27,27.53,24.6,26.16,25.31,7.52
NO-NO1,Southeast Norway,Europe,2024,19.08,70.58,26.05,23.7,25.88,19.67,7.22
NO-NO1,Southeast Norway,Europe,all,19.08,129.17,28.47,24.73,28.87,27.82,8.23
NO-NO2,Southwest Norway,Europe,2021,21.96,231.76,36.08,24.89,33.98,65.31,22.06
NO-NO2,Southwest Norway,Europe,2022,20.06,350.87,52.47,24.66,67.91,79.43,32.67
NO-NO2,Southwest Norway,Europe,2023,21.05,160.34,36.35,24.45,37.42,58.93,23.13
NO-NO2,Southwest Norway,Europe,2024,20.73,116.53,33.35,24.14,37.17,47.57,20.3
NO-NO2,Southwest Norway,Europe,all,20.06,350.87,39.56,24.51,43.39,71.83,24.54
NO-NO3,Middle Norway,Europe,2021,17.65,33.61,25.58,23.98,27.15,8.55,3.29
NO-NO3,Middle Norway,Europe,2022,18.55,37.2,27.29,24.92,29.66,12.16,4.72
NO-NO3,Middle Norway,Europe,2023,17.41,42.15,28.88,25.84,31.83,14.33,5.35
NO-NO3,Middle Norway,Europe,2024,16.98,40.17,28.72,26.29,31.16,12.46,6.6
NO-NO3,Middle Norway,Europe,all,16.98,42.15,27.61,25.05,30.13,13.15,4.99
NO-NO4,North Norway,Europe,2021,19.34,44.28,29.49,27.01,31.47,11.14,3.75
NO-NO4,North Norway,Europe,2022,24.83,81.48,44.19,32.24,51.73,24.27,4.53
NO-NO4,North Norway,Europe,2023,25.39,90.2,51.12,46.76,57.57,22.95,5.73
NO-NO4,North Norway,Europe,2024,35.5,93.64,56.69,48.88,64.06,17.64,5.78
NO-NO4,North Norway,Europe,all,19.34,93.64,45.38,31.28,54.19,30.74,4.95
NO-NO5,West Norway,Europe,2021,24.98,94.59,37.9,34.13,40.18,15.6,6.99
NO-NO5,West Norway,Europe,2022,24.32,101.47,31.12,26.19,33.93,25.33,6.37
NO-NO5,West Norway,Europe,2023,23.92,56.26,26.92,25.29,26.87,12.71,4.54
NO-NO5,West Norway,Europe,2024,23.35,42.6,26.34,25.15,26.78,7.97,3.38
NO-NO5,West Norway,Europe,all,23.35,101.47,30.57,25.64,34.51,23.03,5.32
NZ,New Zealand,Oceania,2021,97.12,103.96,100.62,99.56,101.86,1.92,1.96
NZ,New Zealand,Oceania,2022,32.25,195.83,95.55,63.49,126.9,39.61,10.49
NZ,New Zealand,Oceania,2023,35.94,197.49,95.36,73.02,115.26,30.79,10.77
NZ,New Zealand,Oceania,2024,31.61,228.28,110.24,68.77,149.39,43.54,9.63
NZ,New Zealand,Oceania,all,31.61,228.28,100.45,76.76,117.78,34.31,8.22
PA,Panama,Central America,2021,93.67,400.62,230.36,190.62,262.77,22.41,8.68
PA,Panama,Central America,2022,45.56,509.65,239.39,168.11,304.24,36.6,9.89
PA,Panama,Central America,2023,21.52,515.89,300.57,264.23,346.64,24.67,10.69
PA,Panama,Central America,2024,22.2,405.48,168.95,103.55,240.98,52.7,18.1
PA,Panama,Central America,all,21.52,515.89,234.77,171.9,298.69,38.38,11.84
PE,Peru,South America,2021,48.38,301.21,185.02,135.34,231.72,29.49,7.81
PE,Peru,South America,2022,68.22,354.48,205.41,147.27,249.22,29.57,7.87
PE,Peru,South America,2023,76.59,354.53,220.41,170.3,270.45,26.3,7.23
PE,Peru,South America,2024,66.47,341.6,187.68,144.72,229.62,27.1,8.86
PE,Peru,South America,all,48.38,354.53,199.62,150.18,243.09,29.03,7.94
PH,Philippines3,Asia,2021,600.6,641.8,625.0,609.79,636.79,2.39,2.44
PH,Philippines3,Asia,2022,599.31,641.8,624.58,608.39,635.61,2.38,2.43
PH,Philippines3,Asia,2023,515.07,688.63,620.51,601.59,634.53,4.25,2.65
PH,Philippines3,Asia,2024,519.19,689.74,622.85,602.21,642.59,4.54,2.62
PH,Philippines3,Asia,all,515.07,689.74,623.23,605.24,636.45,3.54,2.54
PH-LU,Luzon,Asia,2021,616.89,666.39,645.32,630.47,661.91,2.71,2.77
PH-LU,Luzon,Asia,2022,615.59,666.39,644.88,628.6,661.55,2.71,2.76
PH-LU,Luzon,Asia,2023,520.22,728.57,642.2,617.15,660.44,5.02,3.15
PH-LU,Luzon,Asia,2024,546.06,714.18,641.66,621.24,664.02,4.43,2.87
PH-LU,Luzon,Asia,all,520.22,728.57,643.52,623.2,661.67,3.86,2.89
PH-MI,Mindanao,Asia,2021,507.29,575.31,545.39,524.87,568.57,4.25,4.34
PH-MI,Mindanao,Asia,2022,505.86,575.31,545.06,523.31,567.35,4.26,4.35
PH-MI,Mindanao,Asia,2023,389.42,634.63,513.56,482.74,540.85,7.07,5.75
PH-MI,Mindanao,Asia,2024,409.85,679.0,558.18,519.76,593.84,9.75,4.68
PH-MI,Mindanao,Asia,all,389.42,679.0,540.56,512.5,567.35,7.42,4.78
PH-VI,Visayas,Asia,2021,557.6,646.11,611.63,585.09,639.11,5.12,5.23
PH-VI,Visayas,Asia,2022,557.2,646.11,611.43,585.08,639.08,5.12,5.23
PH-VI,Visayas,Asia,2023,484.88,690.05,616.36,592.52,645.2,5.33,4.77
PH-VI,Visayas,Asia,2024,457.23,692.35,593.36,567.87,622.11,6.33,4.96
PH-VI,Visayas,Asia,all,457.23,692.35,608.19,578.24,638.6,5.67,5.05
PL,Poland,Europe,2021,534.59,1030.88,854.73,803.28,921.39,10.1,5.36
PL,Poland,Europe,2022,473.5,1116.12,881.88,804.07,970.17,12.88,7.58
PL,Poland,Europe,2023,360.06,1016.07,748.05,655.53,851.26,17.03,11.14
PL,Poland,Europe,2024,350.79,989.18,703.92,606.8,807.33,18.43,13.02
PL,Poland,Europe,all,350.79,1116.12,797.08,708.7,899.71,17.18,9.28
PT,Portugal,Europe,2021,44.8,447.9,202.89,133.32,266.11,41.7,13.47
PT,Portugal,Europe,2022,35.78,424.64,226.49,177.04,280.02,33.16,13.79
PT,Portugal,Europe,2023,29.36,378.94,153.79,87.83,210.19,48.64,19.35
PT,Portugal,Europe,2024,32.08,305.71,104.21,73.91,125.78,39.35,16.93
PT,Portugal,Europe,all,29.36,447.9,171.8,98.66,236.96,49.49,15.88
RO,Romania,Europe,2021,159.21,562.85,390.48,349.56,435.94,16.3,7.75
RO,Romania,Europe,2022,181.26,558.49,372.05,332.59,412.52,15.75,8.43
RO,Romania,Europe,2023,114.34,484.89,311.24,271.93,352.42,18.11,8.11
RO,Romania,Europe,2024,140.82,493.61,319.25,283.51,360.96,18.07,8.17
RO,Romania,Europe,all,114.34,562.85,348.23,302.55,395.61,19.56,8.11
RS,Serbia,Europe,2021,304.83,716.06,531.2,483.73,587.04,14.24,8.27
RS,Serbia,Europe,2022,336.2,724.78,552.38,499.43,606.39,12.06,5.89
RS,Serbia,Europe,2023,305.13,734.59,502.09,443.54,560.97,16.29,6.16
RS,Serbia,Europe,2024,251.98,716.54,513.43,466.4,560.2,13.36,8.12
RS,Serbia,Europe,all,251.98,734.59,524.77,472.17,581.76,14.45,7.11
SE,Sweden4,Europe,2021,22.47,77.25,31.44,27.58,32.39,21.78,8.96
SE,Sweden4,Europe,2022,13.17,88.77,24.8,19.46,27.93,32.26,10.8
SE,Sweden4,Europe,2023,12.41,81.55,23.71,17.54,26.65,36.56,13.71
SE,Sweden4,Europe,2024,11.31,73.52,21.8,16.04,23.88,41.97,18.99
SE,Sweden4,Europe,all,11.31,88.77,25.43,18.79,28.72,35.3,13.12
SE-SE1,North Sweden,Europe,2021,11.9,36.09,14.22,13.45,14.71,8.85,4.27
SE-SE1,North Sweden,Europe,2022,11.22,54.82,15.95,14.32,17.1,15.93,7.3
SE-SE1,North Sweden,Europe,2023,10.73,42.26,16.26,13.53,17.58,25.05,13.44
SE-SE1,North Sweden,Europe,2024,10.97,43.71,15.31,12.68,16.31,26.01,13.91
SE-SE1,North Sweden,Europe,all,10.73,54.82,15.44,13.46,16.31,21.23,9.73
SE-SE2,North Central Sweden,Europe,2021,16.04,22.15,17.68,17.29,18.0,3.13,2.34
SE-SE2,North Central Sweden,Europe,2022,12.78,27.82,16.5,15.39,17.52,9.54,3.72
SE-SE2,North Central Sweden,Europe,2023,11.3,33.6,17.26,15.71,18.69,15.17,6.2
SE-SE2,North Central Sweden,Europe,2024,11.02,32.78,15.64,13.13,17.55,18.48,5.79
SE-SE2,North Central Sweden,Europe,all,11.02,33.6,16.77,15.45,18.0,13.47,4.51
SE-SE3,South Central Sweden,Europe,2021,23.0,51.59,30.89,28.9,31.27,11.7,5.81
SE-SE3,South Central Sweden,Europe,2022,12.45,58.5,23.96,18.59,28.02,28.49,9.58
SE-SE3,South Central Sweden,Europe,2023,11.67,50.98,22.23,16.9,26.3,28.6,11.3
SE-SE3,South Central Sweden,Europe,2024,10.57,54.17,19.72,15.23,23.23,29.47,14.4
SE-SE3,South Central Sweden,Europe,all,10.57,58.5,24.2,18.09,29.37,29.41,10.28
SE-SE4,South Sweden,Europe,2021,27.62,300.6,58.01,40.99,60.02,54.65,22.22
SE-SE4,South Sweden,Europe,2022,15.46,298.04,38.31,25.31,40.11,70.72,21.35
SE-SE4,South Sweden,Europe,2023,14.63,299.95,38.13,21.35,36.81,87.66,27.87
SE-SE4,South Sweden,Europe,2024,13.72,272.21,37.64,19.73,33.81,99.75,38.81
SE-SE4,South Sweden,Europe,all,13.72,300.6,43.02,23.88,44.33,78.54,27.57
SG,Singapore,Asia,2021,473.04,501.63,491.63,489.14,494.57,0.9,0.82
SG,Singapore,Asia,2022,462.91,502.14,491.52,487.51,496.46,1.5,1.42
SG,Singapore,Asia,2023,451.05,499.49,488.09,483.27,494.79,2.03,1.88
SG,Singapore,Asia,2024,437.91,499.29,485.42,477.83,494.81,2.71,2.6
SG,Singapore,Asia,all,437.91,502.14,489.16,485.97,495.14,1.97,1.68
SI,Slovenia,Europe,2021,31.78,527.28,268.16,197.52,330.04,33.03,10.25
SI,Slovenia,Europe,2022,49.85,479.2,276.66,222.83,331.82,27.66,12.79
SI,Slovenia,Europe,2023,31.06,523.2,242.26,194.92,295.24,33.32,13.94
SI,Slovenia,Europe,2024,21.63,475.56,225.16,172.91,281.34,35.85,14.89
SI,Slovenia,Europe,all,21.63,527.28,253.04,195.43,311.47,33.31,12.97
SK,Slovakia,Europe,2021,115.74,505.99,324.39,269.75,383.67,23.77,9.39
SK,Slovakia,Europe,2022,140.36,534.91,358.74,320.54,401.69,16.4,10.05
SK,Slovakia,Europe,2023,26.04,454.62,233.1,172.29,291.99,31.97,16.04
SK,Slovakia,Europe,2024,73.72,486.11,238.05,178.08,296.31,32.76,16.9
SK,Slovakia,Europe,all,26.04,534.91,288.54,219.99,359.15,31.42,13.1
TR,Turkey,Asia,2021,298.02,589.56,449.83,418.98,481.83,10.62,5.83
TR,Turkey,Asia,2022,181.68,596.16,430.88,382.99,483.64,16.27,5.15
TR,Turkey,Asia,2023,252.9,605.31,437.17,392.62,482.17,14.32,5.74
TR,Turkey,Asia,2024,184.89,600.32,422.06,381.6,468.91,15.9,6.97
TR,Turkey,Asia,all,181.68,605.31,434.98,394.77,479.63,14.56,5.92
TW,Taiwan,Asia,2021,437.49,607.41,541.42,521.7,565.98,5.59,3.75
TW,Taiwan,Asia,2022,415.19,603.74,535.71,515.23,559.62,6.03,4.79
TW,Taiwan,Asia,2023,400.97,642.85,538.01,509.58,574.7,8.41,6.33
TW,Taiwan,Asia,2024,312.73,614.26,525.96,495.55,564.67,9.3,7.82
TW,Taiwan,Asia,all,312.73,642.85,535.27,512.48,565.01,7.55,5.68
US,United States54,North America,2021,317.58,546.68,432.74,408.08,465.03,9.67,2.97
US,United States54,North America,2022,320.11,516.2,422.9,407.25,447.37,7.94,2.84
US,United States54,North America,2023,293.87,495.37,405.34,378.72,434.34,9.29,3.72
US,United States54,North America,2024,273.0,504.51,401.47,375.77,423.37,9.78,4.3
US,United States54,North America,all,273.0,546.68,415.6,389.69,441.3,9.69,3.46
US-CAL-BANC,Balancing Authority of Northern California,North America,2021,45.0,518.51,277.43,235.72,322.39,24.8,10.64
US-CAL-BANC,Balancing Authority of Northern California,North America,2022,42.68,496.44,255.86,203.0,304.8,29.45,11.35
US-CAL-BANC,Balancing Authority of Northern California,North America,2023,45.45,700.0,267.3,212.09,325.47,33.67,13.49
US-CAL-BANC,Balancing Authority of Northern California,North America,2024,83.95,700.0,272.65,204.59,335.35,31.96,12.43
US-CAL-BANC,Balancing Authority of Northern California,North America,all,42.68,700.0,268.31,213.67,321.81,30.26,11.98
US-CAL-CISO,CAISO,North America,2021,99.5,417.95,273.43,224.9,326.16,24.58,20.73
US-CAL-CISO,CAISO,North America,2022,88.8,453.22,262.32,207.73,321.23,29.47,22.22
US-CAL-CISO,CAISO,North America,2023,92.89,430.43,260.75,198.78,323.76,28.98,20.92
US-CAL-CISO,CAISO,North America,2024,50.64,422.56,226.48,150.35,304.39,39.52,32.17
US-CAL-CISO,CAISO,North America,all,50.64,453.22,255.72,195.11,320.13,31.2,24.02
US-CAL-IID,Imperial Irrigation District,North America,2021,428.64,694.63,599.57,551.67,641.93,8.91,7.84
US-CAL-IID,Imperial Irrigation District,North America,2022,282.11,698.86,541.3,403.44,643.66,22.34,22.03
US-CAL-IID,Imperial Irrigation District,North America,2023,98.37,697.67,543.84,415.63,646.15,21.49,20.91
US-CAL-IID,Imperial Irrigation District,North America,2024,39.52,684.56,525.09,395.8,635.89,23.9,22.73
US-CAL-IID,Imperial Irrigation District,North America,all,39.52,698.86,552.43,444.69,642.86,20.25,18.38
US-CAL-LDWP,Los Angeles Department of Water and Power,North America,2021,98.37,756.25,397.63,328.29,459.98,24.62,12.23
US-CAL-LDWP,Los Angeles Department of Water and Power,North America,2022,63.45,723.22,361.87,283.16,427.64,31.18,12.75
US-CAL-LDWP,Los Angeles Department of Water and Power,North America,2023,88.71,684.21,381.0,311.68,458.08,25.92,14.74
US-CAL-LDWP,Los Angeles Department of Water and Power,North America,2024,112.01,700.0,390.47,300.23,469.77,31.53,17.39
US-CAL-LDWP,Los Angeles Department of Water and Power,North America,all,63.45,756.25,382.75,304.88,456.65,28.61,14.28
US-CAL-TIDC,Turlock Irrigation District,North America,2021,129.17,599.37,384.53,317.7,456.71,25.37,18.53
US-CAL-TIDC,Turlock Irrigation District,North America,2022,123.82,599.98,392.61,326.3,470.38,24.01,17.24
US-CAL-TIDC,Turlock Irrigation District,North America,2023,150.12,600.85,385.02,301.82,456.64,26.9,14.43
US-CAL-TIDC,Turlock Irrigation District,North America,2024,79.9,600.85,437.37,383.08,542.31,28.91,9.77
US-CAL-TIDC,Turlock Irrigation District,North America,all,79.9,600.85,399.91,326.29,477.05,27.12,14.99
US-CAR-CPLE,Duke Energy Progress East,North America,2021,84.23,558.91,311.7,238.55,388.73,30.64,16.18
US-CAR-CPLE,Duke Energy Progress East,North America,2022,77.88,569.73,320.41,262.55,374.16,27.76,15.26
US-CAR-CPLE,Duke Energy Progress East,North America,2023,18.39,804.04,289.08,215.99,360.02,35.18,18.74
US-CAR-CPLE,Duke Energy Progress East,North America,2024,28.69,783.66,330.46,267.11,389.81,28.19,18.03
US-CAR-CPLE,Duke Energy Progress East,North America,all,18.39,804.04,312.92,245.28,379.27,30.73,17.05
US-CAR-CPLW,Duke Energy Progress West,North America,2021,230.5,602.19,467.47,427.35,509.52,11.98,5.25
US-CAR-CPLW,Duke Energy Progress West,North America,2022,222.66,577.46,477.41,450.34,516.95,9.97,4.59
US-CAR-CPLW,Duke Energy Progress West,North America,2023,184.0,569.03,476.17,441.96,534.03,13.91,5.61
US-CAR-CPLW,Duke Energy Progress West,North America,2024,209.32,700.0,477.8,445.25,529.24,13.45,6.04
US-CAR-CPLW,Duke Energy Progress West,North America,all,184.0,700.0,474.72,442.54,522.58,12.46,5.37
US-CAR-DUK,Duke Energy Carolinas,North America,2021,151.7,442.52,289.96,254.91,325.32,17.34,8.59
US-CAR-DUK,Duke Energy Carolinas,North America,2022,135.31,409.56,299.23,269.58,336.6,16.88,6.98
US-CAR-DUK,Duke Energy Carolinas,North America,2023,52.66,409.83,284.36,253.13,321.11,18.77,8.43
US-CAR-DUK,Duke Energy Carolinas,North America,2024,154.21,670.13,297.36,258.97,334.88,18.09,8.72
US-CAR-DUK,Duke Energy Carolinas,North America,all,52.66,670.13,292.73,258.93,329.76,17.88,8.18
US-CAR-SC,South Carolina Public Service Authority,North America,2021,253.11,938.42,637.55,573.73,711.31,16.6,5.99
US-CAR-SC,South Carolina Public Service Authority,North America,2022,211.84,825.83,611.82,561.68,663.73,13.2,5.65
US-CAR-SC,South Carolina Public Service Authority,North America,2023,390.76,942.59,642.44,574.73,710.14,14.11,6.39
US-CAR-SC,South Carolina Public Service Authority,North America,2024,280.89,1153.72,627.82,541.27,722.4,20.06,8.06
US-CAR-SC,South Carolina Public Service Authority,North America,all,211.84,1153.72,629.9,565.27,703.44,16.34,6.52
US-CAR-SCEG,South Carolina Electric & Gas Company,North America,2021,115.91,916.52,478.6,427.03,531.67,18.72,8.6
US-CAR-SCEG,South Carolina Electric & Gas Company,North America,2022,213.16,757.86,445.67,412.15,488.25,13.84,8.73
US-CAR-SCEG,South Carolina Electric & Gas Company,North America,2023,87.16,717.74,453.25,417.69,490.75,15.1,8.56
US-CAR-SCEG,South Carolina Electric & Gas Company,North America,2024,183.92,740.8,457.39,417.12,495.59,15.32,8.75
US-CAR-SCEG,South Carolina Electric & Gas Company,North America,all,87.16,916.52,458.73,417.44,499.45,16.18,8.66
US-CAR-YAD,"""Alcoa Power Generating, Inc. Yadkin Division""",North America,2021,24.0,554.65,90.02,24.0,109.79,118.72,65.54
US-CAR-YAD,"""Alcoa Power Generating, Inc. Yadkin Division""",North America,2022,24.0,514.16,95.06,24.0,163.67,114.31,74.92
US-CAR-YAD,"""Alcoa Power Generating, Inc. Yadkin Division""",North America,2023,24.0,441.65,45.01,24.0,47.87,98.58,47.37
US-CAR-YAD,"""Alcoa Power Generating, Inc. Yadkin Division""",North America,2024,24.0,459.6,45.62,24.0,45.91,109.5,49.0
US-CAR-YAD,"""Alcoa Power Generating, Inc. Yadkin Division""",North America,all,24.0,554.65,68.91,24.0,68.91,125.51,59.2
US-CENT-SPA,Southwestern Power Administration,North America,2021,24.0,734.22,229.04,133.7,318.16,70.54,20.29
US-CENT-SPA,Southwestern Power Administration,North America,2022,24.0,754.29,287.8,126.62,467.16,71.97,33.36
US-CENT-SPA,Southwestern Power Administration,North America,2023,24.0,709.36,126.68,24.0,197.91,123.14,48.55
US-CENT-SPA,Southwestern Power Administration,North America,2024,24.0,716.05,133.63,24.0,222.6,112.09,51.16
US-CENT-SPA,Southwestern Power Administration,North America,all,24.0,754.29,194.25,24.0,302.24,94.21,38.35
US-CENT-SWPP,Southwest Power Pool,North America,2021,137.37,771.04,478.65,352.57,605.22,31.11,14.9
US-CENT-SWPP,Southwest Power Pool,North America,2022,149.98,754.79,462.77,338.45,588.0,31.4,14.76
US-CENT-SWPP,Southwest Power Pool,North America,2023,141.78,709.04,431.34,311.71,552.43,32.19,16.21
US-CENT-SWPP,Southwest Power Pool,North America,2024,156.28,714.36,417.4,311.1,520.63,31.11,16.22
US-CENT-SWPP,Southwest Power Pool,North America,all,137.37,771.04,447.52,325.76,568.26,31.95,15.52
US-FLA-FMPP,Florida Municipal Power Pool,North America,2021,428.48,711.99,584.12,558.29,610.56,6.82,4.13
US-FLA-FMPP,Florida Municipal Power Pool,North America,2022,348.59,866.7,565.62,541.46,585.29,6.8,4.25
US-FLA-FMPP,Florida Municipal Power Pool,North America,2023,292.1,722.16,534.67,508.53,564.49,8.71,4.98
US-FLA-FMPP,Florida Municipal Power Pool,North America,2024,374.5,705.36,535.78,511.11,559.62,6.93,4.73
US-FLA-FMPP,Florida Municipal Power Pool,North America,all,292.1,866.7,555.04,527.53,583.69,8.24,4.52
US-FLA-FPC,Duke Energy Florida,North America,2021,476.4,611.9,547.91,537.96,560.46,3.15,2.42
US-FLA-FPC,Duke Energy Florida,North America,2022,357.59,620.35,536.73,521.11,551.88,4.51,3.63
US-FLA-FPC,Duke Energy Florida,North America,2023,384.19,611.52,516.92,496.98,537.61,5.73,4.95
US-FLA-FPC,Duke Energy Florida,North America,2024,246.48,573.42,503.46,481.17,530.84,7.72,6.78
US-FLA-FPC,Duke Energy Florida,North America,all,246.48,620.35,526.24,513.05,548.41,6.34,4.45
US-FLA-FPL,Florida Power and Light Company,North America,2021,211.93,549.02,396.64,373.76,423.14,9.4,5.55
US-FLA-FPL,Florida Power and Light Company,North America,2022,221.74,480.79,398.82,377.24,422.62,8.31,5.95
US-FLA-FPL,Florida Power and Light Company,North America,2023,183.29,448.11,370.26,346.07,395.39,9.7,8.08
US-FLA-FPL,Florida Power and Light Company,North America,2024,184.66,474.32,369.71,342.45,406.16,13.15,9.94
US-FLA-FPL,Florida Power and Light Company,North America,all,183.29,549.02,383.85,357.72,413.83,10.83,7.38
US-FLA-GVL,Gainesville Regional Utilities,North America,2021,504.37,941.77,709.61,683.59,751.04,8.86,3.06
US-FLA-GVL,Gainesville Regional Utilities,North America,2022,459.2,941.77,658.29,612.39,705.61,9.0,2.45
US-FLA-GVL,Gainesville Regional Utilities,North America,2023,501.06,642.5,573.78,557.69,589.03,3.98,2.05
US-FLA-GVL,Gainesville Regional Utilities,North America,2024,475.34,700.0,572.73,559.78,586.77,3.71,2.21
US-FLA-GVL,Gainesville Regional Utilities,North America,all,459.2,941.77,628.56,572.22,695.6,11.8,2.44
US-FLA-JEA,Jacksonville Electric Authority,North America,2021,326.37,844.12,635.44,609.63,665.25,8.08,3.8
US-FLA-JEA,Jacksonville Electric Authority,North America,2022,294.13,784.69,626.37,604.15,656.75,8.05,4.18
US-FLA-JEA,Jacksonville Electric Authority,North America,2023,322.17,880.66,622.84,591.95,655.59,7.87,4.82
US-FLA-JEA,Jacksonville Electric Authority,North America,2024,291.08,788.14,611.49,580.34,652.74,9.58,5.6
US-FLA-JEA,Jacksonville Electric Authority,North America,all,291.08,880.66,624.03,597.3,657.82,8.52,4.6
US-FLA-SEC,Seminole Electric Cooperative,North America,2021,457.47,1037.95,798.15,745.97,846.18,9.29,4.19
US-FLA-SEC,Seminole Electric Cooperative,North America,2022,481.61,1037.95,782.57,731.66,838.98,11.35,5.08
US-FLA-SEC,Seminole Electric Cooperative,North America,2023,25.6,1037.95,672.72,597.52,737.52,18.08,4.74
US-FLA-SEC,Seminole Electric Cooperative,North America,2024,437.02,1037.95,582.92,508.05,629.21,10.65,3.99
US-FLA-SEC,Seminole Electric Cooperative,North America,all,25.6,1037.95,709.0,611.1,808.39,17.65,4.5
US-FLA-TAL,City of Tallahassee,North America,2021,324.7,577.86,468.43,459.55,483.77,5.46,3.78
US-FLA-TAL,City of Tallahassee,North America,2022,369.14,508.29,466.88,454.58,482.6,4.88,4.32
US-FLA-TAL,City of Tallahassee,North America,2023,365.17,495.83,465.23,455.68,480.06,4.64,4.04
US-FLA-TAL,City of Tallahassee,North America,2024,368.41,492.04,462.92,452.82,478.22,4.66,3.98
US-FLA-TAL,City of Tallahassee,North America,all,324.7,577.86,465.87,455.69,481.06,4.94,4.03
US-FLA-TEC,Tampa Electric Company,North America,2021,419.12,701.43,567.06,541.28,595.76,7.52,5.44
US-FLA-TEC,Tampa Electric Company,North America,2022,380.73,720.43,544.13,511.77,575.86,8.43,6.47
US-FLA-TEC,Tampa Electric Company,North America,2023,323.21,718.29,514.77,483.3,552.84,10.32,7.86
US-FLA-TEC,Tampa Electric Company,North America,2024,87.64,931.26,489.09,465.13,528.73,15.21,9.79
US-FLA-TEC,Tampa Electric Company,North America,all,87.64,931.26,528.73,493.51,570.25,11.87,7.39
US-MIDA-PJM,PJM Interconnection,North America,2021,312.76,571.86,435.0,396.5,469.64,11.45,3.58
US-MIDA-PJM,PJM Interconnection,North America,2022,313.23,554.4,424.5,394.85,454.59,9.89,3.18
US-MIDA-PJM,PJM Interconnection,North America,2023,307.38,509.38,392.4,367.64,413.55,8.6,3.41
US-MIDA-PJM,PJM Interconnection,North America,2024,265.51,521.66,392.02,362.21,416.57,10.74,3.89
US-MIDA-PJM,PJM Interconnection,North America,all,265.51,571.86,410.97,376.97,440.94,11.3,3.52
US-MIDW-AECI,Associated Electric Cooperative,North America,2021,112.74,971.68,656.39,603.92,719.36,15.13,7.5
US-MIDW-AECI,Associated Electric Cooperative,North America,2022,285.72,971.68,668.42,610.15,728.73,13.38,6.83
US-MIDW-AECI,Associated Electric Cooperative,North America,2023,229.93,971.68,613.3,557.14,676.18,15.25,7.4
US-MIDW-AECI,Associated Electric Cooperative,North America,2024,292.63,971.68,606.05,536.26,679.8,16.39,8.29
US-MIDW-AECI,Associated Electric Cooperative,North America,all,112.74,971.68,636.02,575.67,703.22,15.6,7.51
US-MIDW-LGEE,Louisville Gas and Electric Company and Kentucky Utilities,North America,2021,392.87,1033.3,879.42,854.53,923.3,9.96,2.55
US-MIDW-LGEE,Louisville Gas and Electric Company and Kentucky Utilities,North America,2022,404.0,1025.07,849.97,829.33,887.91,10.82,2.52
US-MIDW-LGEE,Louisville Gas and Electric Company and Kentucky Utilities,North America,2023,388.78,990.82,856.76,838.3,886.69,7.76,2.56
US-MIDW-LGEE,Louisville Gas and Electric Company and Kentucky Utilities,North America,2024,337.16,982.59,846.84,827.6,882.23,8.74,2.56
US-MIDW-LGEE,Louisville Gas and Electric Company and Kentucky Utilities,North America,all,337.16,1033.3,858.24,836.39,896.67,9.52,2.55
US-MIDW-MISO,Midcontinent ISO,North America,2021,368.48,696.6,555.83,503.75,615.6,12.56,4.81
US-MIDW-MISO,Midcontinent ISO,North America,2022,334.47,661.0,521.35,477.79,565.84,11.26,5.01
US-MIDW-MISO,Midcontinent ISO,North America,2023,305.65,633.47,495.89,446.24,551.91,13.45,6.08
US-MIDW-MISO,Midcontinent ISO,North America,2024,278.49,664.13,480.07,429.12,531.04,13.87,6.1
US-MIDW-MISO,Midcontinent ISO,North America,all,278.49,696.6,513.26,461.44,565.49,13.94,5.5
US-NE-ISNE,ISO New England,North America,2021,126.21,380.1,266.49,230.57,304.84,17.96,8.69
US-NE-ISNE,ISO New England,North America,2022,138.82,481.5,271.95,236.91,301.12,18.25,8.5
US-NE-ISNE,ISO New England,North America,2023,154.37,528.71,283.02,254.23,313.2,14.78,6.38
US-NE-ISNE,ISO New England,North America,2024,151.08,427.08,296.02,262.54,327.78,15.45,5.53
US-NE-ISNE,ISO New England,North America,all,126.21,528.71,279.38,246.03,312.95,17.08,7.27
US-NW-AVA,Avista Corporation,North America,2021,54.62,550.97,205.42,159.34,245.25,32.75,14.66
US-NW-AVA,Avista Corporation,North America,2022,46.35,570.77,188.58,138.09,233.78,40.15,14.41
US-NW-AVA,Avista Corporation,North America,2023,25.39,700.0,255.32,202.94,306.41,33.07,15.86
US-NW-AVA,Avista Corporation,North America,2024,33.21,490.6,213.36,165.18,266.3,36.19,14.41
US-NW-AVA,Avista Corporation,North America,all,25.39,700.0,215.67,161.84,266.71,37.21,14.83
US-NW-BPAT,Bonneville Power Administration,North America,2021,28.85,457.48,102.16,70.56,126.03,44.95,15.13
US-NW-BPAT,Bonneville Power Administration,North America,2022,24.61,710.41,98.91,64.24,123.12,59.41,14.69
US-NW-BPAT,Bonneville Power Administration,North America,2023,27.35,705.73,145.68,97.95,163.54,63.52,17.2
US-NW-BPAT,Bonneville Power Administration,North America,2024,26.2,538.92,110.21,78.02,138.47,42.11,15.12
US-NW-BPAT,Bonneville Power Administration,North America,all,24.61,710.41,114.24,74.18,140.55,58.16,15.54
US-NW-CHPD,Chelan County,North America,2021,23.76,113.62,25.88,23.97,24.54,24.19,8.38
US-NW-CHPD,Chelan County,North America,2022,11.0,208.14,24.91,23.98,24.2,23.51,5.53
US-NW-CHPD,Chelan County,North America,2023,11.0,302.15,30.5,24.0,28.25,75.57,19.6
US-NW-CHPD,Chelan County,North America,2024,11.0,261.75,27.39,24.0,26.29,37.87,14.13
US-NW-CHPD,Chelan County,North America,all,11.0,302.15,27.17,23.99,25.43,49.71,11.92
US-NW-DOPD,Douglas County,North America,2021,23.95,158.75,28.11,24.0,24.0,52.0,16.21
US-NW-DOPD,Douglas County,North America,2022,16.61,213.55,26.57,24.0,24.0,46.24,11.73
US-NW-DOPD,Douglas County,North America,2023,16.97,375.32,34.43,24.0,25.67,88.86,30.91
US-NW-DOPD,Douglas County,North America,2024,19.44,282.73,33.2,24.0,24.86,69.89,23.91
US-NW-DOPD,Douglas County,North America,all,16.61,375.32,30.58,24.0,24.21,70.96,20.69
US-NW-GCPD,Grant County,North America,2021,24.0,166.73,42.67,25.39,51.62,52.01,22.63
US-NW-GCPD,Grant County,North America,2022,24.0,224.04,38.11,24.32,42.12,57.35,18.62
US-NW-GCPD,Grant County,North America,2023,24.0,288.72,60.2,29.79,78.52,63.92,28.89
US-NW-GCPD,Grant County,North America,2024,24.0,158.39,52.95,31.34,69.2,49.17,25.28
US-NW-GCPD,Grant County,North America,all,24.0,288.72,48.49,26.3,60.88,60.37,23.85
US-NW-GRID,Gridforce Energy Management,North America,2021,11.0,820.0,481.23,415.47,555.1,20.48,8.57
US-NW-GRID,Gridforce Energy Management,North America,2022,11.0,820.0,486.8,427.71,564.67,22.66,9.61
US-NW-GRID,Gridforce Energy Management,North America,2023,108.23,820.0,509.44,482.27,564.14,16.16,7.01
US-NW-GRID,Gridforce Energy Management,North America,2024,14.49,792.1,483.38,437.11,537.38,15.28,7.19
US-NW-GRID,Gridforce Energy Management,North America,all,11.0,820.0,490.21,441.79,554.85,18.98,8.09
US-NW-IPCO,Idaho Power Company,North America,2021,95.58,841.61,380.38,314.68,436.27,27.7,15.23
US-NW-IPCO,Idaho Power Company,North America,2022,37.12,866.34,377.04,284.67,471.52,36.96,17.15
US-NW-IPCO,Idaho Power Company,North America,2023,27.5,840.0,346.21,257.69,442.23,42.04,18.94
US-NW-IPCO,Idaho Power Company,North America,2024,22.91,769.46,305.69,221.2,392.2,39.0,19.07
US-NW-IPCO,Idaho Power Company,North America,all,22.91,866.34,352.3,271.41,435.42,37.42,17.6
US-NW-NEVP,Nevada Power Company,North America,2021,210.4,786.11,500.16,453.63,547.04,13.86,10.77
US-NW-NEVP,Nevada Power Company,North America,2022,231.03,844.14,473.87,414.84,532.68,17.88,14.04
US-NW-NEVP,Nevada Power Company,North America,2023,104.61,878.06,465.47,403.3,537.1,20.11,14.39
US-NW-NEVP,Nevada Power Company,North America,2024,195.75,632.96,445.63,349.86,537.6,23.58,21.22
US-NW-NEVP,Nevada Power Company,North America,all,104.61,878.06,471.26,411.63,538.59,19.37,15.11
US-NW-NWMT,Northwestern Energy,North America,2021,26.46,1074.05,658.03,590.2,768.3,23.73,7.66
US-NW-NWMT,Northwestern Energy,North America,2022,11.19,1074.05,660.51,600.86,764.43,23.13,8.98
US-NW-NWMT,Northwestern Energy,North America,2023,52.45,1074.05,624.54,557.02,717.59,22.46,8.44
US-NW-NWMT,Northwestern Energy,North America,2024,45.38,1026.67,533.25,447.18,656.03,32.83,13.24
US-NW-NWMT,Northwestern Energy,North America,all,11.19,1074.05,619.02,543.78,731.17,26.63,9.58
US-NW-PACE,Pacificorp East,North America,2021,235.6,903.72,635.22,579.03,706.41,15.96,11.68
US-NW-PACE,Pacificorp East,North America,2022,202.33,962.28,657.44,576.66,748.99,19.9,12.42
US-NW-PACE,Pacificorp East,North America,2023,279.07,950.45,647.58,560.49,743.41,19.91,13.3
US-NW-PACE,Pacificorp East,North America,2024,227.57,948.01,609.63,512.42,715.35,22.51,17.12
US-NW-PACE,Pacificorp East,North America,all,202.33,962.28,637.45,559.47,728.18,19.87,13.63
US-NW-PACW,Pacificorp West,North America,2021,33.66,682.8,330.79,258.41,403.62,32.52,17.52
US-NW-PACW,Pacificorp West,North America,2022,26.46,679.94,251.14,178.11,317.34,40.36,19.29
US-NW-PACW,Pacificorp West,North America,2023,25.94,538.11,214.76,143.91,278.88,46.68,16.72
US-NW-PACW,Pacificorp West,North America,2024,26.87,537.17,196.15,155.48,245.17,35.78,16.23
US-NW-PACW,Pacificorp West,North America,all,25.94,682.8,248.18,172.87,315.8,43.89,17.44
US-NW-PGE,Portland General Electric Company,North America,2021,37.07,496.14,201.03,164.77,234.33,27.98,12.72
US-NW-PGE,Portland General Electric Company,North America,2022,27.12,651.23,174.09,131.41,223.15,42.05,13.21
US-NW-PGE,Portland General Electric Company,North America,2023,27.59,593.69,246.73,206.81,285.38,35.41,13.3
US-NW-PGE,Portland General Electric Company,North America,2024,27.88,483.33,214.14,179.74,259.95,33.15,14.95
US-NW-PGE,Portland General Electric Company,North America,all,27.12,651.23,209.0,163.81,253.05,37.0,13.55
US-NW-PSCO,Public Service Company of Colorado,North America,2021,306.72,921.77,596.61,499.8,690.05,20.31,12.15
US-NW-PSCO,Public Service Company of Colorado,North America,2022,11.11,881.26,542.26,449.37,640.26,23.32,13.75
US-NW-PSCO,Public Service Company of Colorado,North America,2023,11.0,1091.52,517.47,419.63,606.21,27.81,16.51
US-NW-PSCO,Public Service Company of Colorado,North America,2024,11.44,1087.66,452.15,350.02,554.72,32.1,19.16
US-NW-PSCO,Public Service Company of Colorado,North America,all,11.0,1091.52,527.07,429.32,630.07,27.37,15.4
US-NW-PSEI,Puget Sound Energy,North America,2021,38.72,445.37,155.93,113.08,192.45,36.35,12.49
US-NW-PSEI,Puget Sound Energy,North America,2022,29.32,610.53,138.6,83.34,173.55,48.82,12.8
US-NW-PSEI,Puget Sound Energy,North America,2023,32.17,639.29,207.07,153.15,250.52,41.91,13.47
US-NW-PSEI,Puget Sound Energy,North America,2024,43.11,485.09,175.91,143.11,212.12,32.08,12.3
US-NW-PSEI,Puget Sound Energy,North America,all,29.32,639.29,169.38,116.82,212.35,42.87,12.76
US-NW-SCL,Seattle City Light,North America,2021,26.83,290.28,70.09,47.45,84.89,44.64,14.58
US-NW-SCL,Seattle City Light,North America,2022,24.27,419.37,68.7,44.45,85.58,53.41,14.67
US-NW-SCL,Seattle City Light,North America,2023,24.0,487.98,105.81,73.45,121.32,57.9,18.2
US-NW-SCL,Seattle City Light,North America,2024,25.03,436.71,83.92,57.51,105.06,43.07,16.91
US-NW-SCL,Seattle City Light,North America,all,24.0,487.98,82.13,51.63,101.97,55.37,16.09
US-NW-TPWR,City of Tacoma,North America,2021,24.0,324.69,69.55,44.67,86.94,46.97,16.28
US-NW-TPWR,City of Tacoma,North America,2022,24.07,500.03,68.79,41.86,87.91,58.99,14.3
US-NW-TPWR,City of Tacoma,North America,2023,24.0,509.73,104.78,68.52,121.37,61.33,18.7
US-NW-TPWR,City of Tacoma,North America,2024,24.0,345.38,77.72,55.79,95.35,40.07,16.03
US-NW-TPWR,City of Tacoma,North America,all,24.0,509.73,80.21,48.91,99.61,58.03,16.33
US-NW-WACM,Western Area Power Administration - Rocky Mountain Region,North America,2021,323.17,1086.03,746.78,699.22,796.56,11.61,5.31
US-NW-WACM,Western Area Power Administration - Rocky Mountain Region,North America,2022,122.58,1094.54,751.42,699.09,811.01,13.84,5.78
US-NW-WACM,Western Area Power Administration - Rocky Mountain Region,North America,2023,121.85,1094.54,704.89,625.76,780.93,20.31,7.83
US-NW-WACM,Western Area Power Administration - Rocky Mountain Region,North America,2024,152.75,1088.3,639.5,563.18,724.84,19.81,9.06
US-NW-WACM,Western Area Power Administration - Rocky Mountain Region,North America,all,121.85,1094.54,710.6,648.78,785.6,17.65,6.99
US-NW-WAUW,Western Area Power Administration - Upper Great Plains West,North America,2021,24.0,830.03,320.98,226.61,414.75,40.77,21.71
US-NW-WAUW,Western Area Power Administration - Upper Great Plains West,North America,2022,19.11,786.82,325.39,229.92,414.65,37.94,20.94
US-NW-WAUW,Western Area Power Administration - Upper Great Plains West,North America,2023,24.0,686.09,255.48,175.28,328.4,44.14,27.4
US-NW-WAUW,Western Area Power Administration - Upper Great Plains West,North America,2024,24.0,870.79,266.56,181.39,331.05,46.77,24.95
US-NW-WAUW,Western Area Power Administration - Upper Great Plains West,North America,all,19.11,870.79,292.09,198.94,375.84,43.5,23.75
US-NY-NYIS,New York ISO,North America,2021,151.66,399.99,259.85,231.13,286.2,15.83,6.75
US-NY-NYIS,New York ISO,North America,2022,183.23,374.11,281.17,259.55,301.57,11.04,4.97
US-NY-NYIS,New York ISO,North America,2023,179.08,391.92,277.76,253.74,299.15,12.57,5.08
US-NY-NYIS,New York ISO,North America,2024,181.87,393.12,292.62,270.29,315.97,11.63,4.62
US-NY-NYIS,New York ISO,North America,all,151.66,399.99,277.86,253.07,302.45,13.45,5.35
US-SE-SOCO,Southern Company Services,North America,2021,40.82,861.96,460.85,425.86,496.18,15.03,3.49
US-SE-SOCO,Southern Company Services,North America,2022,342.13,550.29,457.73,438.03,478.19,7.04,3.75
US-SE-SOCO,Southern Company Services,North America,2023,315.5,534.19,431.7,406.9,458.34,8.55,4.23
US-SE-SOCO,Southern Company Services,North America,2024,269.2,525.48,418.21,395.94,441.94,8.87,5.03
US-SE-SOCO,Southern Company Services,North America,all,40.82,861.96,442.1,413.71,469.61,11.22,4.12
US-SW-AZPS,Arizona Public Service Company,North America,2021,195.36,644.32,441.5,402.96,487.68,15.32,10.14
US-SW-AZPS,Arizona Public Service Company,North America,2022,213.48,929.93,466.43,425.07,512.14,16.65,9.11
US-SW-AZPS,Arizona Public Service Company,North America,2023,134.65,746.47,417.57,380.15,465.43,16.67,10.51
US-SW-AZPS,Arizona Public Service Company,North America,2024,158.83,721.96,411.1,365.34,470.25,19.27,14.77
US-SW-AZPS,Arizona Public Service Company,North America,all,134.65,929.93,434.13,391.27,485.9,17.71,11.14
US-SW-EPE,El Paso Electric Company,North America,2021,374.25,811.16,650.73,609.26,700.95,10.57,7.8
US-SW-EPE,El Paso Electric Company,North America,2022,330.8,901.05,613.68,563.41,670.89,13.27,8.89
US-SW-EPE,El Paso Electric Company,North America,2023,269.54,742.51,544.13,486.88,609.27,15.74,11.54
US-SW-EPE,El Paso Electric Company,North America,2024,213.78,742.48,535.65,477.02,614.43,18.26,13.74
US-SW-EPE,El Paso Electric Company,North America,all,213.78,901.05,586.01,522.35,657.92,16.53,10.49
US-SW-PNM,Public Service Company of New Mexico,North America,2021,218.95,987.08,670.63,589.48,754.29,18.15,10.08
US-SW-PNM,Public Service Company of New Mexico,North America,2022,88.64,1170.31,589.75,485.25,697.82,26.43,14.3
US-SW-PNM,Public Service Company of New Mexico,North America,2023,33.0,858.36,429.59,332.61,528.0,33.16,20.04
US-SW-PNM,Public Service Company of New Mexico,North America,2024,39.09,972.96,342.37,225.94,449.07,44.37,31.08
US-SW-PNM,Public Service Company of New Mexico,North America,all,33.0,1170.31,507.97,360.06,657.63,38.03,18.88
US-SW-SRP,Salt River Project,North America,2021,74.35,464.54,272.51,227.34,320.69,22.75,11.65
US-SW-SRP,Salt River Project,North America,2022,11.0,1101.5,283.48,225.44,324.08,34.87,13.46
US-SW-SRP,Salt River Project,North America,2023,107.04,552.28,300.69,262.38,341.89,18.99,10.64
US-SW-SRP,Salt River Project,North America,2024,63.56,683.91,294.22,261.07,343.28,22.68,16.77
US-SW-SRP,Salt River Project,North America,all,11.0,1101.5,287.73,243.51,333.0,25.65,13.13
US-SW-TEPC,Tucson Electric Power Company,North America,2021,270.11,945.95,651.35,585.76,725.49,15.41,7.96
US-SW-TEPC,Tucson Electric Power Company,North America,2022,141.73,992.73,618.65,543.68,700.15,18.71,11.86
US-SW-TEPC,Tucson Electric Power Company,North America,2023,175.17,873.76,590.52,512.9,684.99,20.85,13.87
US-SW-TEPC,Tucson Electric Power Company,North America,2024,231.22,788.83,589.75,549.25,654.95,16.36,12.28
US-SW-TEPC,Tucson Electric Power Company,North America,all,141.73,992.73,612.55,551.78,687.55,18.34,11.49
US-SW-WALC,Western Area Power Administration - Desert Southwest Region,North America,2021,171.26,584.21,374.64,327.77,420.71,17.13,10.22
US-SW-WALC,Western Area Power Administration - Desert Southwest Region,North America,2022,210.64,670.43,386.21,339.17,427.57,16.46,8.7
US-SW-WALC,Western Area Power Administration - Desert Southwest Region,North America,2023,142.85,611.19,380.56,342.22,416.24,14.23,8.25
US-SW-WALC,Western Area Power Administration - Desert Southwest Region,North America,2024,133.98,589.92,341.56,291.16,389.92,20.76,10.68
US-SW-WALC,Western Area Power Administration - Desert Southwest Region,North America,all,133.98,670.43,370.72,326.42,415.42,17.75,9.46
US-TEN-TVA,Tennessee Valley Authority,North America,2021,167.62,521.17,363.03,325.11,404.69,15.87,4.71
US-TEN-TVA,Tennessee Valley Authority,North America,2022,172.25,531.44,369.57,331.98,408.86,13.97,4.11
US-TEN-TVA,Tennessee Valley Authority,North America,2023,221.67,498.43,349.47,315.8,381.73,13.08,4.18
US-TEN-TVA,Tennessee Valley Authority,North America,2024,179.13,511.59,369.45,326.05,413.55,15.11,4.59
US-TEN-TVA,Tennessee Valley Authority,North America,all,167.62,531.44,362.88,324.28,402.97,14.75,4.4
US-TEX-ERCO,Electric Reliability Council of Texas,North America,2021,183.5,609.22,417.94,349.8,492.8,21.43,10.44
US-TEX-ERCO,Electric Reliability Council of Texas,North America,2022,129.57,601.66,399.53,336.91,464.97,20.85,10.87
US-TEX-ERCO,Electric Reliability Council of Texas,North America,2023,152.87,578.31,380.55,315.9,446.54,22.89,12.66
US-TEX-ERCO,Electric Reliability Council of Texas,North America,2024,135.53,579.76,367.41,300.52,434.3,24.98,15.36
US-TEX-ERCO,Electric Reliability Council of Texas,North America,all,129.57,609.22,391.34,324.44,461.87,23.01,12.34
UY,Uruguay,South America,2021,18.44,445.15,142.63,44.05,211.03,68.47,27.42
UY,Uruguay,South America,2022,14.0,480.35,96.25,33.8,138.12,103.69,22.62
UY,Uruguay,South America,2023,14.34,430.07,93.11,41.67,128.11,85.09,23.5
UY,Uruguay,South America,2024,20.99,235.48,52.31,40.94,56.32,43.66,16.73
UY,Uruguay,South America,all,14.0,480.35,96.04,38.83,138.43,90.73,22.56
ZA,South Africa,Africa,2021,585.18,779.57,710.2,688.6,734.71,4.71,3.2
ZA,South Africa,Africa,2022,586.25,778.38,704.26,682.47,729.43,4.8,3.14
ZA,South Africa,Africa,2023,590.97,775.44,702.13,680.34,725.35,4.41,3.47
ZA,South Africa,Africa,2024,605.95,801.03,713.09,690.45,737.45,4.48,3.38
ZA,South Africa,Africa,all,585.18,801.03,707.42,685.14,731.79,4.65,3.3
